Temperature,Vibration
25.74507122951685,0.6399355436586003
24.792603548243225,0.5924633682912769
25.97153280715104,0.5059630369920174
27.284544784612038,0.4353063222294426
24.648769937914995,0.569822331361359
24.648794564576228,0.539348538542175
27.368819223261088,0.5895193220027732
26.151152093729362,0.563517180168197
24.295788421097573,0.6049552715319335
25.813840065378947,0.4464764788439432
24.304873460781305,0.6317394065634325
24.301405369644616,0.51975996046924
25.36294340734905,0.7075260872625265
22.130079633013302,0.4310812181910432
22.41262325123045,0.6735963803165249
24.15656870613854,0.5197910783462648
23.480753319498366,0.43485819963855515
25.471370998892912,0.4516114165945678
23.637963886718182,0.46796526918056797
22.88154444799706,0.5424165946401917
27.19847315338233,0.55228354880355
24.661335549270195,0.4426299996061421
25.101292307031887,0.4975645407739017
22.862877720679815,0.7142270358611864
24.183425913212226,0.6727543170100712
25.166383884564798,0.5436323669674032
23.273509633866546,0.50380034781682
25.563547027518506,0.5120031326718262
24.099041965121792,0.5613517972730416
24.562459375310084,0.39772074348015946
24.097440081655904,0.4742623462576655
27.778417276763406,0.3331415926122411
24.979754162893098,0.5399223122605279
23.413433606566148,0.564719593970274
26.233817368154785,0.4516813537700626
23.168734525043465,0.6573986763290033
25.313295392507133,0.3774234336997659
22.060494814180338,0.353562511979018
23.007720926652354,0.5224451818559972
25.295291853803686,0.6047098302612155
26.107699869993116,0.6683927691457869
25.257052421784955,0.454111573713106
24.82652757641764,0.6078680833431296
24.548344456616068,0.4961491530499293
22.78221701444886,0.48273727000591804
23.920233687407936,0.5883659937486673
24.30904184356032,0.5652322878413419
26.585683339328373,0.342360784301575
25.51542743435269,0.6476540349725896
22.3554397669559,0.6380091354147451
25.48612595409219,0.43744372984904706
24.422376579375523,0.5395803533437409
23.98461699954106,0.5494030186282739
25.917514433261303,0.5260673765823907
26.546499283743927,0.444969484615458
26.396920178674296,0.4328376632061948
23.741173715166042,0.49744459290085546
24.536181436223178,0.6172729019259364
25.496895147105345,0.5543600154594432
26.46331769068354,0.4629385667913894
24.281238643232065,0.5771698710648345
24.721511535004275,0.21514573793699243
23.34049753899096,0.6148765700372103
23.205690063878993,0.32602862212219
26.218788733591296,0.4637559058596868
27.034360042856235,0.3880330105373856
24.8919848176295,0.3705318524279094
26.505299346838036,0.6160826787378519
25.542454037571453,0.45322987986881086
24.032320368092314,0.5346503881730715
25.54209340826262,0.49530794211208157
27.307054849698954,0.5477040827223122
24.946260941335073,0.5076821891060256
27.34696548372101,0.37170077758114306
21.070382343865383,0.599626681944714
26.232853756562836,0.4506243416838688
25.130570602357256,0.3443418101340249
24.5514889743012,0.4571884839034087
25.137641164803252,0.6500759790634311
22.01864662809866,0.5850221742113493
24.670492168243733,0.4651347865592141
25.53566885726762,0.46507422956815714
27.216841067112274,0.46783649487826173
24.22259467258953,0.707674798356084
23.787259595660217,0.5381935452231553
24.247364434623194,0.543004164719107
26.373103176553112,0.6030283454031842
25.493126664489527,0.5238789159026513
24.205359694349443,0.4740957854179297
25.769901149670034,0.4803650150915022
25.14561632402206,0.4928398740585936
26.452967485799334,0.4962777763490158
23.94692035918397,0.572762954363698
24.508506780103346,0.50519458858073
24.411837770301762,0.5732640077215579
22.80472757780182,0.49192834198914176
25.444180415596865,0.5078635190316091
25.391582908269832,0.30017993154678924
25.00767018496369,0.5916327674702482
24.648119299937278,0.5346488475897992
22.87694388692438,0.5998010109859653
24.36903201585196,0.21037446218063105
24.485928225209847,0.7088374704780728
23.79658409616757,0.4860410371844826
24.758071432500987,0.6108182816737516
25.606076285221807,0.39600940728744694
27.829278851815793,0.5612773905062569
25.26186671924776,0.39465844368263436
25.386325586084148,0.4376231039304195
24.88833112635075,0.6914031353866786
22.12184317705144,0.4809317599236653
24.960229186826176,0.5217432873179723
25.09034531491154,0.5870067730688754
28.694863168727927,0.5495681887972604
24.711458552828315,0.5150418905143577
25.45232101350042,0.5364961002466225
24.947932345442133,0.7403415585238275
23.246982943570703,0.49423812029664144
26.714234221772532,0.5201099046714968
26.12789954903016,0.6050654396007612
26.18654792056457,0.6105525932957984
23.63591881780789,0.618703030556038
27.10419146640415,0.5638730222029185
22.89722340581158,0.38569950872695163
25.880285640700407,0.6633431532301096
28.28568343871497,0.3853654606981312
23.514195512303967,0.5302635465239033
24.150553405595844,0.4245724149980642
25.14947704763146,0.49358616534070077
24.244786518825702,0.532876241030348
22.674004853400803,0.5321357215450273
25.102844462209042,0.5421920754235284
23.406544429410843,0.6613711269058647
25.710388645952772,0.545353430151398
23.620863648649294,0.4755843364709351
27.324901607526307,0.5964087168288357
23.825120061495646,0.6189470488924641
24.516907725691485,0.37723921848630076
26.220275826054504,0.5597400069849858
23.153703525349066,0.5701172742310898
25.341189901906194,0.4702436496640008
26.960714131423643,0.6375706813311619
22.58877514815816,0.48499444129674735
25.276950787798455,0.5125576453471542
25.389824191372636,0.48269281757161303
26.172734307665966,0.5015579047581468
23.144573933682878,0.3903724913104798
23.019315080373584,0.3559949117405705
25.782912348425345,0.6594505063224972
25.44547700984978,0.4153038651681672
25.375739275518814,0.4008607650543693
25.519672314245465,0.2846609886396285
23.979962917632264,0.4361038252310498
25.348380545741506,0.3676910206592502
25.439608709948022,0.664201516013637
23.928472872960448,0.6009817089342634
27.798661766717135,0.4311849654822276
25.71074938136768,0.7252435805344308
23.213044754196027,0.5981765486991595
25.984830412950746,0.46751686164913775
23.537977494659017,0.2500594285126427
26.18062690561368,0.7290942572590742
26.737893368511106,0.3610427533236404
23.768976522472435,0.3354601253043108
26.445064193866482,0.6022570432009641
25.619171390404748,0.7439752406339273
26.233090239991736,0.6384272818510518
27.84518947398092,0.5563909120052359
24.631917825995693,0.5594754341665286
23.869395753463767,0.5853415558780308
23.665728355561715,0.5758928589786765
23.77628457255184,0.5281191423969376
24.884347435878844,0.5104201103951876
25.511727962224967,0.49374068721004777
25.41503619899503,0.4246035411133324
26.240774873554034,0.47193249231332257
25.019502837816862,0.33070431858046145
27.180301115735976,0.490166037320525
24.603014750143068,0.40114088928490826
29.080253749884427,0.38964106827842293
25.93850102164751,0.5179894151153478
23.714263665375576,0.6392002286344599
23.39366125290833,0.5918316606002313
25.723708622864777,0.3429499396376823
24.664805822011225,0.40103718634296626
26.07100074113814,0.5940771187988216
25.709856436860317,0.40175126064616906
24.890756631014693,0.47753668500029756
23.729809422897393,0.5550052099024552
22.7277291629712,0.40316555451363645
24.330227571899467,0.5105375506145959
26.28459819148521,0.36659745050817955
25.321140616195304,0.4398632356048786
23.131391831932017,0.5319781934142537
25.259771388776773,0.3407006266468331
25.577976069593255,0.5440474737960399
23.6742138456983,0.4980362201073319
25.230587658918292,0.5552489954417148
25.087313077669,0.5223914134064661
23.285544553254066,0.6364140429973845
25.536681040522424,0.5125224502647907
25.841176789552353,0.4570594458874747
26.624576864762915,0.5122297503032284
26.580703078052355,0.5543298029036388
22.933495948064362,0.5048860070325705
23.593262440127315,0.5040591691203883
25.77255290081299,0.42980083121932444
25.770678926368312,0.4337099082449052
25.77257152945907,0.3597394728200306
30.779097235982082,0.6749576743186939
25.856335766039752,0.3756136764608715
26.7033484602709,0.4307094802204093
26.431002645239804,0.42815927344308025
25.977086876958698,0.5894924376944441
24.527096133039482,0.4705050321707972
26.138453830739902,0.6247742072673734
23.840762178193643,0.4326509375756131
24.644772089889987,0.5278994162223802
24.271954678256346,0.41646529467402427
25.122811209079483,0.7145149127773388
28.47198785001026,0.3812401580970487
22.19910221111238,0.5309820710227028
26.02939028556177,0.5633776880932099
22.58092619321552,0.5413799097451498
24.29210220131585,0.4814712341122292
26.633425895451047,0.4870179300266574
25.096420028643195,0.5043811471979109
23.38338283310604,0.48529979983715116
23.927044436110048,0.596387911679491
26.019396623402013,0.7210523001591351
23.904450052424295,0.44425082149921663
25.324687884372963,0.3630197020420922
25.068357759855722,0.4911717951648745
24.022599478591275,0.7579709337654319
28.21591613398799,0.4196325432030269
25.950878533477017,0.6639116805444067
21.962286120013587,0.667770081407644
25.27968147215414,0.44464117582920054
24.00732030284742,0.5568983079185276
26.278650002194336,0.6628396623128539
23.81121889235095,0.4620872259012513
24.827895337799653,0.47964196398976383
25.757480918470687,0.4418319086051356
26.298632791255184,0.3985243269307133
23.199555389416336,0.4350722454933993
24.498248146238577,0.3776059733237743
24.287582033258566,0.5034083468259226
24.020006151139434,0.42300267689413584
27.648181360421646,0.5233785911790748
25.607472566441434,0.3444104353796372
23.108674068497432,0.5330880232214457
26.376792920582165,0.5833528961608925
28.18323429551895,0.3006264357428544
26.54869789082672,0.5374056569847572
22.72094505106898,0.6227668992473292
24.273648890700624,0.37903589813087946
26.900366723779936,0.6672572386837703
23.93849580157183,0.5419019009366045
25.66572914221934,0.4294988144241591
26.161951080144004,0.4944230922342294
23.609604292632877,0.5558326912521723
24.9107119659073,0.5076005391412411
20.138098989896392,0.5538755992446369
23.463418537998564,0.40793264069206336
24.62114777291026,0.5169360824036078
23.128325227052727,0.35862855030950197
27.448616955897453,0.48887739386512996
22.85478793305905,0.40960923585352105
24.339933269954525,0.42644700574102334
25.196110865929136,0.6236093175210438
27.161909933599173,0.6091310120594269
22.84620677323084,0.5609138120907177
26.74474562823244,0.3907687235327421
25.01534959152938,0.46835915503051984
23.527737023428074,0.6213097699979183
25.693155211394906,0.5141716913639904
25.298589543360205,0.7319329539981694
24.099674684261807,0.5393317839394371
25.104703127485028,0.5192049116490032
24.422029604707358,0.4690883535797499
25.170276017876873,0.5133540904782282
25.99319601178157,0.4847530163619456
27.37902522421803,0.570810867668859
23.143276751759725,0.5956702316794584
28.1995500619844,0.421401053949205
22.071868300716247,0.3668767046442222
24.772322357446626,0.3163794626896703
25.882475809726866,0.5507991326912544
25.42148780160255,0.38966333938261266
24.06595072026911,0.28471094070475167
24.687816624464087,0.5388578604530965
24.26049859801175,0.749299951743279
24.115952864583683,0.4993929088460107
26.274403145531537,0.5838490774451642
25.53552322894757,0.5081829358547565
23.96063560710902,0.49011103468088574
26.349399813149876,0.5919076482987768
25.460949281314914,0.4709725455811349
26.21929317825844,0.5267392314071903
25.944443262885418,0.5321697806196014
23.756507483616893,0.4331909546356951
24.159728439704544,0.5992042349536523
26.12094040768489,0.48250402433045914
25.915555398150197,0.4244254840507155
24.96864760905378,0.5536509843570403
25.17599107496317,0.41015320182089626
26.916497343682636,0.5028181157369128
24.112642916746253,0.49908810033557965
25.820646071755057,0.6085895565831578
24.69671102134916,0.5474698232879953
24.67347819515917,0.4974973041254856
26.648165277980784,0.5817766299200287
26.238124523482046,0.6390207549017314
26.220264454000958,0.5557810306351862
26.958218210731495,0.501035261984338
25.03150576244914,0.368816376764984
26.022929456942446,0.39348863369246273
24.534599865109815,0.46947752956453326
25.486249528732664,0.4390487797840717
24.804785418448475,0.4813028697014554
25.145493947489076,0.5056649924897108
25.89273553815537,0.5529692754356731
23.77266897514979,0.4929501221940909
28.13858091352819,0.5486501643826202
23.490973927750446,0.5064474414810121
23.1787170808184,0.3024533433646128
26.737166310250103,0.40606646061812457
26.187494040944404,0.48559124442783846
25.93617972557823,0.37903052571588924
25.94251826389642,0.5599928729996204
24.981629840729628,0.6530750832343697
23.654118442771253,0.6218761851697316
25.11370683729059,0.47865571290697917
23.984257432731834,0.6490726136849952
26.462679600126627,0.5148667457202112
24.77941392774679,0.46629140288819604
23.761754204811233,0.43865973364590605
24.51792123752051,0.4697530313511872
25.619397181413436,0.4611823181458771
24.154413170794037,0.5170416222375488
23.76666940665035,0.5160573981049864
25.365530817237868,0.5003046020153414
25.367449856663086,0.543693816974635
24.239585236943306,0.6190646274786341
24.293442541572517,0.5949554135441324
25.348074906036455,0.35151020315500964
22.827873487754015,0.24460788650980453
22.88880433843517,0.5934319911239274
23.922333668121347,0.36331213015845787
24.67982927243223,0.47752345981073163
25.466361348397008,0.38298869739406405
27.213034325424328,0.31980195624199803
26.28648943480303,0.5541462728204788
24.76009220505486,0.5759155160302647
24.97147568814597,0.44234895992732803
23.496205953043287,0.240895770785509
24.972230296011414,0.4453755551747517
24.567012041619794,0.5391804005402546
25.484077840507133,0.3521088431225871
23.759153584671516,0.5183359919779156
25.77901977136176,0.4984690150827004
27.299108369503866,0.5579291499601089
24.836859777314714,0.5119580368414153
25.602567583148414,0.40269310591184443
26.03521598756667,0.6196571501664492
24.398169292171247,0.484147042697303
25.336138722715624,0.4972695460490068
25.01888860117269,0.4066732040926804
25.146514147823247,0.455671774880849
23.8404853242168,0.4115197285973099
25.036765261388414,0.4827053940076577
25.746997436868174,0.6711708480142343
27.176715411692562,0.36280988570686434
26.43890623912781,0.33864386021232584
28.229773686267336,0.6471170327493608
23.848978655667924,0.4790676322848134
26.308480955081016,0.43309272613400834
25.275013008607527,0.6039904687396076
28.28470439982651,0.4394384460263136
23.78755257196727,0.6826009713546937
23.740417236728835,0.5677925871339269
24.100911031833967,0.45120885918542974
21.81415641353529,0.7157308213265503
24.21136746747886,0.4394285076996661
23.861301007669454,0.5742095372009307
25.225590679714312,0.5299292580406492
25.51263396366574,0.6301741289398798
27.81425625882383,0.6561511196726852
26.425635757279075,0.5032004149065766
24.134644516506395,0.42465821296538164
23.652377992977463,0.5459972142939117
25.737878757259757,0.4322284630247894
23.019650189469036,0.7013387247526623
27.747188148781532,0.5136535331082738
26.76916018108193,0.4634678448687891
24.296236521842943,0.5184680305864908
22.430298206363684,0.36528737104703035
27.03080856124812,0.40283859614893486
24.828190232121074,0.6200413907944425
26.85672446796019,0.4343105721028604
22.60835851180845,0.39530890173180605
24.10093746556934,0.5536652752527286
25.007865549577275,0.6185704154662997
25.070470890647112,0.5718953310665067
24.324901792781134,0.5996047685805816
25.93427489852125,0.4243204911430539
23.398569355926107,0.3578189333258156
24.78643077246806,0.6501333651955487
25.18044344756785,0.4677320161157864
25.771658251088123,0.47491669835449524
26.067422317133335,0.6328194141849058
23.313036862243194,0.555623000940066
22.698828743896566,0.5455887772081608
26.916515232847765,0.7165002344901084
25.498471017969386,0.4356481769619857
23.87727019516517,0.5927840128081238
27.326727963283783,0.5057013124897084
25.173511951439288,0.5268592278863257
26.76894577609574,0.6528468426412531
25.101277722115164,0.5507835756289624
28.09112188732298,0.5538296079049633
27.633011263664805,0.6072507337309803
24.62655377728139,0.46350472704571144
26.457356426431534,0.41607903326609935
25.96806392437772,0.39551908059789664
27.052947336298523,0.30336434106239984
23.552614809129842,0.7056207129940322
26.029077189997658,0.3896791634278317
26.587636730274383,0.4778746376414228
22.361890770365328,0.47231867001110794
23.225112231001336,0.5307406697809101
21.94115173335985,0.5815737212539297
24.595889748333164,0.5860473488359745
26.076313383693943,0.44169225614310614
27.253535578144042,0.48328782862135883
25.111142170629662,0.52825799504883
27.44292331835694,0.4751308873816453
22.929847812677664,0.6607345576019993
22.444926340967267,0.5490974951638251
24.916678451655073,0.5734877786049818
25.576098173408962,0.5662881268667412
24.950957877858862,0.6173473857485325
21.898836849940185,0.5181021558703707
24.86631994073082,0.37031680520441534
23.04329574924272,0.5399687951752642
26.004508823245057,0.4348643106208171
25.549897369145274,0.4471383318250243
23.590180320508967,0.5586364018755093
24.22919962399496,0.6238283071433636
23.411179717166572,0.5021271576736062
24.905981354090244,0.5308833012598964
26.432713480751858,0.6702214944635239
23.521410930496685,0.5240753179488569
25.756069773276767,0.7601683114180395
24.20461357244134,0.5565509645631544
23.810690751606483,0.3239237240844182
24.839454460068165,0.5753341621104533
23.44713651637094,0.5381158384882778
24.16952604197923,0.6289752754082746
23.203183161116726,0.5673181351269958
27.947087699374585,0.4861544016016226
25.052895327957593,0.37757017637106344
23.950411738011123,0.4790976742713975
25.320969866101333,0.41494795457906997
24.831507925463754,0.4419476550195277
24.668545600700167,0.558857840442061
25.921250050065137,0.6669904504351406
26.136261565070956,0.5394671529822981
24.20424827858421,0.38041169379648154
24.13627263903298,0.5444602668220141
24.587422454272534,0.6196631486645652
21.547118252896624,0.43902170956806175
22.72721340670217,0.4865982833327082
27.050311401166788,0.5014688194729197
27.467451570251924,0.421510168691776
24.626445940665434,0.5648280433843859
25.86483544458365,0.4879051851392218
25.466875231815305,0.5419532443907028
29.618321212682858,0.41125078221979
26.679362367151864,0.45625416996765894
24.80812361277885,0.5722381357827772
23.566689339099362,0.4627166847908233
22.59033051961364,0.6726963851233405
25.305195453800835,0.46003638143853975
23.865473882073545,0.5224684725751886
22.86661943560349,0.593259083187309
24.03014067363621,0.3581634267066968
23.377677994578406,0.32391911880192237
27.530712452608846,0.3474343685429905
26.322459635424174,0.6262584103427182
24.988041038025074,0.44481418541075535
27.21991620833504,0.7558199285668252
25.116052461471426,0.44357524013426114
23.708073698007606,0.5184551303197037
27.284686115904485,0.6542109952567876
25.80836506552699,0.7006092888159123
23.444130768510316,0.7061503576636398
24.714491982874588,0.6208366230593143
23.686572619922863,0.6024062525811462
22.925800403553495,0.5592526949201183
26.389266321297463,0.5778361076166638
27.864124960705198,0.44488142836714667
22.90214863927129,0.41818011165776925
25.844453855035855,0.49966255425890477
24.02403614631726,0.4829815377475072
24.269311924352955,0.4546771950672725
24.111409113641695,0.5696387447456716
23.704013845480276,0.595530520857051
25.07278244191724,0.5088406886291847
23.753574825383442,0.6477530081055262
25.405685238669758,0.3858310885866495
24.924642835826294,0.4806340540720282
24.641577929700386,0.4283177679397195
23.638654506937602,0.313346338292694
24.134843004147502,0.4917319314157301
26.133086838738635,0.48782524916167164
25.751375781436572,0.6513449743242131
23.533667132802172,0.5630811684554777
25.14899845814384,0.3975813175670795
26.127080685057685,0.6854092566334189
22.495892078317944,0.6221033695525353
25.815040288569904,0.5582097703468616
24.00606436158123,0.4773515901150168
25.855898002889738,0.404056076327652
23.855111265186224,0.4627793223928947
22.29267684900322,0.6088748619704186
22.558686343175257,0.6884586305934609
25.07212741999207,0.6543243528272189
25.389583752582222,0.45111505782137257
23.643525062343386,0.38803825667109887
25.95788868816606,0.5140886246911204
22.50771990659656,0.32315606344371484
24.900880302029027,0.5323167714184781
23.183475700356315,0.48523974137013315
24.02224583829676,0.4533963498131758
25.071098006974623,0.34052969327332044
23.709379952074073,0.5513600106569716
24.42316668365526,0.44672991603380885
26.50943921382166,0.3830083164289712
24.134662195715276,0.21277377867183506
26.253538168097712,0.4972485094949364
23.305439718013574,0.6772251596669744
25.794706266872925,0.666125921454787
27.16235293098685,0.4542903743413728
21.292533249809065,0.4397787939638219
23.804657116794285,0.5468774256075024
25.86560819077081,0.4001614560811708
24.695431920935512,0.5301791899819466
25.556718810056964,0.5766080278384691
24.09402221992627,0.6226933223884308
25.12988468120935,0.4899845923520047
24.766484146911882,0.4796326249823034
26.75167309248971,0.4122017413243439
25.38163126495182,0.417311964596014
25.506403993112805,0.4773521108098473
24.382184550816298,0.5367365506816179
24.26859066389126,0.5913584626233249
24.35116271827057,0.4196821049319655
25.591678213567445,0.6492688568959522
24.368523278769604,0.4728876398957431
25.43466228534462,0.4978632705651564
28.11310119796816,0.42527883208521766
26.30668705514754,0.2575759739727058
24.51096470174824,0.588404539636105
26.801820883245917,0.5736843897092433
24.387886940467673,0.47186724428817867
21.94281319723322,0.5066990717224872
23.487870533623894,0.55159392177041
22.193812118461217,0.34374541431134575
24.47272977393804,0.4470947322653705
25.02762756878433,0.5794264679621828
27.514655968412924,0.3745710576830751
25.490391060646242,0.5293557932166629
24.671349206786704,0.3643418195376595
26.244108371775233,0.5466429982433526
21.68329703648817,0.4964358517702516
25.35342183716285,0.33848681840944905
26.15629779083045,0.6164739354457172
22.782120631330237,0.42654084232019507
26.715631064810395,0.4189747562985619
25.50774461124162,0.5200569197230943
24.3770681291488,0.6148637349428715
25.949172799159427,0.3984178181021603
28.406039286706594,0.5061679849847972
25.272799382587742,0.5428816500330573
25.372330879450505,0.5693105607263144
24.310958650689635,0.5176441555277225
23.72523344580281,0.46329721609166774
26.24550372481637,0.41724097793512804
23.715874261136697,0.5086143883046375
25.10734935582909,0.39278609880143933
24.283513829852325,0.20786495165053925
25.71846973861959,0.5436559804157668
25.50049315793042,0.5903934841086196
26.556309916386848,0.26370675644581615
24.23497540171788,0.39902692952900626
24.595187597059944,0.5619154261005198
23.53185442632654,0.7057495469711699
24.333560109885834,0.5020793707675408
25.565950739567278,0.42719970587708656
26.135482924968027,0.481710355889516
23.61675201373356,0.6374876419148185
26.30440888015849,0.4354035820875465
27.033456788207427,0.42008079933497466
25.62015235483555,0.45172564778179675
27.8151937188371,0.4046671391741288
23.83931620134464,0.5122670315994795
23.133017945032876,0.6624678458469561
22.331919626643582,0.5323079273116029
27.244066467233775,0.47476464978737126
25.981548484531086,0.4708188731084456
24.916622993634316,0.3436809191303343
25.41995293947973,0.588310977714716
23.311766429052437,0.4922162802987198
28.668627969425238,0.48195200864093746
25.19383177296284,0.8193107567844862
25.16409219190734,0.5298752908365686
26.08864993584804,0.4248208949904816
25.72151384760507,0.4573642403794457
25.3358260364187,0.6148445709196755
23.814288316832034,0.5113270410537765
25.707202535703992,0.3561722021682633
27.82303674471255,0.5919228934575204
27.018130069232466,0.4331855914461006
27.389779939959094,0.6873297776217546
24.233176485353223,0.6080048065714648
23.51559276961213,0.4552678104341249
24.81131961985053,0.6281016361735113
25.08358736843304,0.5067855510527404
26.64128727770642,0.5852773675122219
22.46130305542777,0.5484732817294475
27.29432547919092,0.41536433450091265
24.762988152131516,0.4356450167682538
24.35967839507887,0.6029960817581161
23.48184343710975,0.4665224667893459
22.517714992201345,0.4596351536758003
26.234755875942874,0.4044877420650647
25.109976950782606,0.5423599065593461
23.06505865038842,0.7062524919243145
23.057381841904576,0.3932467085745727
24.49632295106481,0.5024219456672758
27.50353228793409,0.6412220555415429
24.61061297295459,0.4920358608754285
22.745285570322842,0.5452371796249734
24.631385403871082,0.393760647185312
24.590914645378493,0.5428307097207649
20.954670035587643,0.48128557349954515
24.918557700223282,0.5985729995679863
24.653598204686983,0.6187386051564752
26.044309547220127,0.7589563642018614
27.77343414241802,0.5579633173213576
26.689847544321637,0.5325796316582166
24.596666964167753,0.5194384301577336
23.340211136887493,0.4646833707189312
28.86003970487479,0.5338483843461691
25.08882765102173,0.47045985898609705
25.02089393786942,0.5168460976269614
24.963812369334995,0.631759753560796
25.297127141151783,0.3993457434720359
24.783459382114085,0.6139878561129045
24.139506989679646,0.6317115067339866
24.179711588139412,0.48819314730089214
24.950870094676002,0.2878145100991405
24.184862843299353,0.43921780129055676
23.930731325984254,0.629699454656111
25.159645341537846,0.4977131937701118
24.617534173868716,0.4000697767705089
27.255989482874032,0.44952250787717823
21.02354528741048,0.5840620026504553
26.637260277883694,0.554673356820138
26.869127788746443,0.4761067900830306
21.889914651387777,0.46331755881853126
24.485968608879478,0.4608241850956178
24.442838701006313,0.4077589815501497
22.88873245792327,0.6615375689469442
23.833274968613686,0.467767953078866
23.334136231801256,0.6217158520825496
27.628405665135435,0.6521316051922451
26.40351758972119,0.599831089814796
26.907332642491237,0.45683796872819515
26.082508096064853,0.5403730090336609
23.306422343174155,0.4975804393609084
24.213219600580338,0.40962981392698716
25.73406184184188,0.5324359281721603
23.166808286662082,0.3820960208840197
26.069497645258583,0.6187679388461564
24.6395119027628,0.4535382702701607
24.437768788675605,0.5201159655872839
26.066439952305238,0.5283287871546142
25.66639496722906,0.4741095026295923
24.458550751271382,0.5586693801475274
26.738994705046373,0.45250963433774755
23.378405008600154,0.5871297297457244
25.923903410416397,0.36540203197532517
25.889651886952574,0.5126379579546412
24.535680341029014,0.6938928999058285
25.489199533363177,0.39996686753944255
23.123329635422046,0.43222550294751483
26.38604052881035,0.5513907849658914
24.722646795335518,0.5179581781939598
24.21591546922144,0.5350630099273559
26.573513838755332,0.5489187130147664
23.94348446418586,0.563472146856177
22.88730805545466,0.6109699841956223
22.665056239714144,0.5409818656928512
25.90901492701846,0.47587423453814576
23.079355971255577,0.5672573701202731
27.63219127297655,0.6899881934895216
21.877105888174416,0.48673662536174267
27.544684552435058,0.40254706953293584
25.316526200803928,0.6107080669286973
24.85493033219441,0.48796188360464016
24.182621369786574,0.28273304539859634
25.598704171528105,0.5847421677150422
24.943547946362727,0.4464671814046077
26.654952823024782,0.4909466717695839
25.17134147299306,0.5331980330569015
25.225452642192817,0.5190499679779066
24.454581681679215,0.570945181713904
24.9145815644184,0.4564513629430157
25.46170265333809,0.5513105798176082
22.43474741101506,0.4740453322416083
22.97772186684143,0.5738810480887503
26.114896141034073,0.5615367484013053
25.256298157191914,0.40645612979554047
24.72402499547098,0.6085982116175033
25.02765089959809,0.4464036554885952
25.521372558042508,0.5808057798281145
24.190360479535958,0.5367287313401341
23.83254291189653,0.6838183676795122
25.293767882646524,0.4776534017628148
23.532440833577454,0.46506832038818025
25.612379133571707,0.4980580394112267
22.44612459364324,0.4696820217165725
26.543733455988466,0.579994190194205
25.708896223619565,0.3383689391563412
25.384044601470812,0.3946317580853646
26.474036475918272,0.3932197078420807
27.498211666693866,0.5950307591973576
26.521555097527195,0.6710613372581925
22.238688653002534,0.4895550781462529
23.08063454989645,0.4831178276809989
24.06277213345648,0.5070052163113181
25.03913657531625,0.616187830260819
25.776488530703684,0.4072646865809426
23.9113842802698,0.5238368982734785
25.280150146715616,0.5975197629782429
23.866925601470015,0.5501094169939845
24.08272329551208,0.5189581616598743
22.890008354727666,0.6001046092567142
23.615150130833644,0.22967677070007625
22.972473091575498,0.5677875319530907
23.536190120534002,0.4345924316872576
26.58046269491176,0.31693671031435433
23.575901666752085,0.551120259952498
28.948573097256087,0.6373658545162958
25.739976851321334,0.48625514853723084
25.27725418554231,0.5952874547202939
23.71246332972818,0.6612278257988645
26.050464819113486,0.6314914453584047
24.13654326064334,0.6639964529371393
25.183014721968043,0.5742127491071892
28.84012680740319,0.5075433638901593
24.855910150413024,0.33980341881028314
26.723909989428513,0.47539375118700516
23.94523536231117,0.41567534046838084
24.947517264254557,0.7170942717497814
27.656200953453265,0.48241141875676635
24.05954941331835,0.5123204806784486
27.718672836995392,0.5551485376040468
26.061627903183215,0.5043602446372454
24.1562998361586,0.6695051040430753
25.94861160858328,0.4377350638265548
26.458831674440095,0.5194607455237242
25.932714943325795,0.42575294143019515
22.644662920164315,0.3679977488779294
23.909294236262696,0.43882309090947147
24.628722046672742,0.4962963202951588
24.88834985634993,0.457069777548274
25.93100814632602,0.4307579020126144
25.26655150139988,0.3593682536328166
22.996983461934846,0.4916894427371305
25.570296776508943,0.3495279625968998
25.915878617925735,0.5760055963689603
25.83968567189656,0.5082439752934503
26.621171088331934,0.3542448500535069
26.250883231823355,0.46907909229501366
25.688770118842655,0.4247843594409417
24.89475143281203,0.531917451041918
22.508558599726012,0.6340450446023145
25.644427328698878,0.3124827530354255
25.311531530744666,0.5115026079147417
25.40736825579306,0.48398672044333596
23.084877136269537,0.5671340076450466
23.378415189387606,0.521319662823769
26.579729279999356,0.42480306682611807
24.940667269215016,0.46809460643333817
26.022251046058937,0.4203974143196511
25.042477564195693,0.6076007138598598
25.04463420924362,0.5021311648671942
26.407425708963995,0.6901190685753007
24.22593290767394,0.4939339186185379
25.144181165411474,0.42915932330895373
24.306587066942438,0.3486285607387173
24.348255658851528,0.3196860323744055
24.53624181479704,0.341586405699451
25.33320065745057,0.5267126651011483
24.281877067504784,0.5508725023229933
26.883634188360283,0.34188092979678664
23.658089046670746,0.5895038314076115
24.71969253375796,0.45169389483165606
24.34040341258874,0.514679301198555
27.1704668265306,0.6612220628255424
25.294832164767364,0.5896839315865532
26.54776680920295,0.47314693520941675
22.77165944044454,0.41088077745847124
25.400575398803888,0.2848184598670695
26.334446193435156,0.42808466807575796
25.123425983913137,0.4788869761172306
26.598220562598026,0.4012820472848816
24.224067324849443,0.48687430329076953
27.11402116027837,0.5076851882958768
28.448347185428876,0.47751440181919214
24.455742159340513,0.434999741917654
24.331746217898843,0.5168654671966728
27.180076715676552,0.5441940649569409
27.36935821859607,0.3909600922557154
24.215709959270097,0.641093237974627
24.369719774356213,0.4901411867715738
24.57732308670924,0.5018849622944848
22.983324233448585,0.5708214423256557
23.6220220802737,0.5233216131263502
23.493788849871898,0.5953136633913245
23.84830365234381,0.5287124165201824
24.947972668919828,0.43875626253595623
25.351322098804783,0.5361503525206102
27.325750739221114,0.38562737926793383
23.502468938891813,0.5108559705776523
26.476483597714875,0.49667700093555395
24.679016733661737,0.47918831427274605
24.92580443552135,0.4871462488561069
26.012229238249905,0.3118150954502361
23.315916967656552,0.44512750922590383
25.573614619276075,0.5092844901141115
25.249678312319585,0.51598563919974
25.738676896012223,0.3972324859074042
25.43375296586173,0.62657078408647
28.68295020986634,0.4133825151785499
24.043390023623026,0.5969457200526737
24.203504567497273,0.5427194361871684
24.065289210362852,0.4353772690156197
24.16678432125962,0.6775310892609512
24.043919309040223,0.380636316824352
26.78352479666133,0.5919154173610002
27.13075637198478,0.6000582318042978
24.143880559375784,0.4329379790923355
23.751466640343658,0.639246530006433
25.707123334579606,0.4749953485401047
24.171665433578543,0.5288693629279857
25.949397726633265,0.526032183877122
25.30438453127695,0.4865691258529452
22.72638382750415,0.5810808273159782
27.321257801995092,0.5793488720552213
27.693816509643284,0.3251468026761819
24.08081696427342,0.6304340242878153
24.418447660096025,0.3337508011964325
25.428798086087358,0.6032546204341658
25.501685184980538,0.6126705136827584
25.987816409009245,0.39090335697848017
28.015306808149525,0.4589185712045415
24.734579158758926,0.38942953315140644
23.80255413319232,0.47850789697112645
22.931021157978208,0.46919657158142586
23.90360494008712,0.577966053226934
24.950309540689304,0.6310308746119608
27.691836795276682,0.6395683810789956
24.223583051445743,0.44378319734216976
25.33568192745835,0.4790778126255472
24.975365655890872,0.33165618077790493
26.782589910172128,0.4194129933503811
28.790398638810434,0.5964851633097458
24.203696840619518,0.6615582823548232
24.265840836222665,0.3765651128120078
26.56624131560361,0.44075357408471055
26.022837234439468,0.4973594243041073
27.77006098860405,0.5280161158819607
25.875892277988946,0.4190396480078354
24.46106186381941,0.542406104446409
25.885982246038463,0.4526160652929084
26.66305537087436,0.4985547729121721
26.230723271796045,0.55462842480037
25.760911046660947,0.5006422269810937
26.60001203438373,0.4563614109473431
26.75394338566851,0.4890390196074169
27.073238486556292,0.49116370407946647
25.973064831384463,0.4629988970117872
24.74932287952472,0.47412039373328974
25.220070529649984,0.6598647170504717
26.809763449762535,0.5560919447941238
23.774596493519145,0.47045196819708396
25.55300996330935,0.5696954404510736
24.40999178150896,0.466618051024399
25.043117234402228,0.6173124637586641
26.917677793910947,0.5369642192198094
25.286648602029857,0.4892697855995771
25.069654822234224,0.5447716925810278
22.96021578853012,0.34291238479315006
26.11938034904083,0.3873232531090195
25.968226271711615,0.38060749936009447
28.244882084958192,0.5142943094763707
24.5383326475705,0.6732514999485092
25.32872549149591,0.7231300146192632
25.374075525566134,0.5638051101440757
27.366179919645212,0.5500844474944457
24.857056701419573,0.3198942265847261
25.41853228865551,0.4457326200265978
25.91184476457481,0.42122162480917613
25.279913684734538,0.43791524017488836
24.330349578174207,0.48318561814152106
25.291134989347462,0.45279094223028726
26.610447624789657,0.30207001896242125
23.46022705088341,0.5747910256117534
25.199454511220313,0.39272569742601937
23.94981877759124,0.523924686411115
26.792569943387264,0.7074082669749974
22.715219642824337,0.40806154084135765
24.161617229092617,0.246971247725367
25.56581781259678,0.47139957781198893
27.34828604385151,0.6100959634998571
24.90137460839052,0.6958347454220594
24.167200709960202,0.3770450405547583
27.821735604160885,0.5496699223236522
22.827979149375633,0.45346895432199463
21.701791065069877,0.48940516456958644
25.66002167508,0.7644343347017035
24.24691866347108,0.34970296716048466
23.46815077430393,0.5253739661494573
26.06253467094903,0.5467693171765433
25.365701070656797,0.6085786324939347
24.153882053894908,0.5097983153470895
23.079543401993657,0.5308050539504102
26.308685992420216,0.4608351432578209
25.975301766937992,0.5269126941245107
24.851236204330927,0.46568077245025896
27.7699554940715,0.5621571889856051
23.394872850510772,0.4630389663956366
22.711712243612894,0.5377100393902187
23.962137895178135,0.4970737186315022
24.931620975466753,0.6126050250772168
25.36500917398404,0.49486062764115135
24.638145913215507,0.32269675317931185
25.528083094771446,0.6261921500713992
23.122690863714332,0.4094267699137381
27.165646906109888,0.434623366135118
24.876773232411146,0.44043387059565076
26.675943747382192,0.6374438093170818
25.514088019566557,0.28643257860213045
25.685129828730677,0.8137748533659994
25.854650920348305,0.6056056809066052
25.671562840025974,0.522323891412916
25.964084139801315,0.4945105999383714
26.993728795198646,0.5285554074857657
25.294781754552204,0.5521122428379338
26.063505636382768,0.5645215585950057
24.86539645856916,0.5555604466003449
27.16017582317421,0.5089580681255249
23.985411546911095,0.4802661579692674
27.701410649366224,0.4848726716346488
24.939763074033486,0.4805091719647319
22.853837346822928,0.6133770096867065
25.192156622366184,0.5593556722280861
23.978422513787677,0.20596113653357195
26.260965323483084,0.5655900776529761
24.021064031046414,0.5194736194718775
24.33072485017783,0.49812912435541024
22.165688903581703,0.4611481546911114
24.321540521126384,0.6124112719986013
21.364181010056566,0.5947526462122859
22.624145764771416,0.42271223321763907
26.140621984216445,0.5407052287124535
26.178700237976248,0.40283432654587137
25.638186342677447,0.36203818352110695
23.54953578530618,0.43732827754100345
24.92843296578703,0.5862393472382759
24.99459619136415,0.5953125045376086
23.262452966211185,0.5513085420097293
27.255097452650727,0.5725095786847997
26.316043435863506,0.5516178287114959
24.668553739255504,0.43585184047770476
25.040328758491796,0.543192254467394
25.31257421192133,0.5800409525227682
21.937397697363565,0.5754291329813574
24.629233926219104,0.6188913371474642
23.977023628003302,0.5708303847201064
23.497569985157625,0.5351448207541583
24.578349560671068,0.6070150238316427
27.696529790274283,0.497347874075094
25.961264291900516,0.41181253487722824
24.143231515325805,0.4836933036056236
25.858874172034238,0.4255097355193551
